Case,Topic
14 Penn Plaza LLC v. Pyett,Employment entitlements and disputes
AT_T Corp. v. Hulteen,Government action in relation to immigration
AT_T Mobility LLC v. Concepcion,Government action in relation to immigration
Abbott v. United States,Constitutional actors and relationships
Abdul-Kabir v. Quarterman,Government action in relation to immigration
Abdur_Rahman v. Bell,Jurisdictional divisions and actions
Abramski v. United States,Constitutional actors and relationships
Abuelhawa v. United States,Government action in relation to immigration
Adams v. Florida Power Corp.,Damage to persons through injury
"Adarand Constructors, Inc. v. Mineta",Constitutional actors and relationships
Adoptive Couple v. Baby Girl,Beneficiaries’ rights to property in an estate
Advocate Health Care Network v. Stapleton,Government action in relation to immigration
Aetna Health Inc. v. Davila,Damage to persons through injury
"Agency for Int_l Development v. Alliance for Open Society Int_l, Inc.",Constitutional actors and relationships
Air Wisconsin Airlines Corp. v. Hoeper,Trial process for criminal matters
Air _ Liquid Systems Corp. v. DeVries,Government action in relation to immigration
Alabama v. Bozeman,Damage to persons through injury
Alabama v. North Carolina,Company financial flows
Alabama v. Shelton,Trial process for criminal matters
Alaska Dept. of Environmental Conservation v. EPA,Constitutional actors and relationships
Alexander v. Sandoval,Constitutional actors and relationships
Ali v. Federal Bureau of Prisons,Government action in relation to immigration
Alice Corp. v. CLS Bank Int’l,"Trade licensing, regulation and IP"
Alleyne v. United States,Trial process for criminal matters
Allison Engine Co. v. United States Ex Rel. Sanders,Constitutional actors and relationships
"Already, LLC v. Nike, Inc.",Damage to persons through injury
"Altria Group, Inc. v. Good",Government action in relation to immigration
Alvarez v. Smith,Land contracts and agreements
American Elec. Power Co. v. Connecticut,Constitutional actors and relationships
American Express Co. v. Italian Colors Restaurant,Land contracts and agreements
American Ins. Assn. v. Garamendi,Land contracts and agreements
"American Needle, Inc. v. National Football League",Land contracts and agreements
"American Trucking Assns., Inc. v. Los Angeles",Trial process for criminal matters
"American Trucking Assns., Inc. v. Michigan Pub. Serv. Comm_n",Company financial flows
"Americold Realty Trust v. ConAgra Foods, Inc.",Beneficiaries’ rights to property in an estate
Amgen Inc. v. Connecticut Retirement Plans and Trust Funds,"Trade licensing, regulation and IP"
"Animal Science Products, Inc. v. Hebei Welcome Pharmaceutical Co.",Constitutional actors and relationships
Arbaugh v. Y _ H Corp.,Jurisdictional divisions and actions
Archer v. Warner,Land contracts and agreements
Arizona Christian School Tuition Organization v. Winn,Company financial flows
Arizona Free Enterprise Club_s Freedom Club Pac v. Bennett,Government action in relation to immigration
Arizona State Legislature v. Arizona Independent Redistricting Comm_n,Constitutional actors and relationships
Arizona v. Gant,Government action in relation to immigration
Arizona v. Inter Tribal Council of Ariz. Inc.,Constitutional actors and relationships
Arizona v. Johnson,Jurisdictional divisions and actions
Arizona v. United States,Constitutional actors and relationships
Arkansas Dept. of Health and Human Servs. v. Ahlborn,Constitutional actors and relationships
Arkansas Game and Fish Comm_n v. United States,Land contracts and agreements
Arlington v. FCC,Damage to persons through injury
Armour v. Indianapolis,Company financial flows
"Armstrong v. Exceptional Child Center, Inc.",Constitutional actors and relationships
Army Corps of Engineers v. Hawkes Co.,Government action in relation to immigration
Arthur Andersen LLP v. Carlisle,Land contracts and agreements
Arthur Andersen LLP v. United States,Trial process for criminal matters
Artis v. District of Columbia,Constitutional actors and relationships
Artuz v. Bennett,Constitutional actors and relationships
Ashcroft v. American Civil Liberties Union,Constitutional actors and relationships
Ashcroft v. Free Speech Coalition,Constitutional actors and relationships
Ashcroft v. Iqbal,Government action in relation to immigration
Ashcroft v. Raich,Constitutional actors and relationships
Ashcroft v. al-Kidd,Government action in relation to immigration
"Association for Molecular Pathology v. Myriad Genetics, Inc.","Trade licensing, regulation and IP"
"Astra USA, Inc. v. Santa Clara County",Land contracts and agreements
Astrue v. Capato,Beneficiaries’ rights to property in an estate
Astrue v. Ratliff,Constitutional actors and relationships
Atkins v. Virginia,Beneficiaries’ rights to property in an estate
Atkinson Trading Co. v. Shirley,Land contracts and agreements
Atlanatic Sounding Co. v. Townsend,Government action in relation to immigration
Atlantic Marine Constr. Co. v. United States Dist. Court for Western Dist. Tex.,Land contracts and agreements
Atwater v. Largo Vista,Jurisdictional divisions and actions
Ayers v. Belmontes,Trial process for criminal matters
BE_K Constr. Co. v. NLRB,"Trade licensing, regulation and IP"
BG Group plc v. Republic of Argentina,Land contracts and agreements
BNSF R. Co. v. Tyrrell,Jurisdictional divisions and actions
BP America Production Co. v. Burton,Constitutional actors and relationships
"B_B Hardware, Inc. v. Hargis Industries, Inc.","Trade licensing, regulation and IP"
Bailey v. United States,Trial process for criminal matters
"Baker Botts, L.L.P. v. ASARCO LLC",Beneficiaries’ rights to property in an estate
Baldwin v. Reese,Constitutional actors and relationships
Ballard v. Commissioner,Damage to persons through injury
Bank of America Corp. v. Miami,Government action in relation to immigration
"Bank of America, N.A. v. Caulkett",Land contracts and agreements
Banks v. Dretke,Trial process for criminal matters
Barber v. Thomas,Government action in relation to immigration
Barnes v. Gorman,Land contracts and agreements
Barnhart v. Peabody Coal Co.,Company financial flows
Barnhart v. Thomas,Employment entitlements and disputes
Barnhart v. Walton,Employment entitlements and disputes
Bartlett v. Strickland,Government action in relation to immigration
Bartnicki v. Vopper,Constitutional actors and relationships
Baze v. Rees,Government action in relation to immigration
Beard v. Kindler,Government action in relation to immigration
Beck v. PACE Int_l Union,Government action in relation to immigration
Beckles v. United States,Government action in relation to immigration
"BedRoc Limited, LLC v. United States",Land contracts and agreements
Begay v. United States,Government action in relation to immigration
Bell Atlantic v. Twombly,Government action in relation to immigration
Bell v. Cone,Trial process for criminal matters
Bell v. Kelly,Government action in relation to immigration
Beneficial Nat. Bank v. Anderson,Constitutional actors and relationships
Berghuis v. Smith,Trial process for criminal matters
Berghuis v. Thompkins,Trial process for criminal matters
Bethune-Hill v. Virginia State Bd. of Elections,Government action in relation to immigration
Betterman v. Montana,Government action in relation to immigration
Bilski v. Kappos,"Trade licensing, regulation and IP"
Birchfield v. North Dakota,Government action in relation to immigration
Black _ Decker Disability Plan v. Nord,Government action in relation to immigration
Black v. United States,Government action in relation to immigration
Blakely v. Washington,Trial process for criminal matters
Bloate v. United States,Government action in relation to immigration
Blueford v. Arkansas,Trial process for criminal matters
Board of Ed. Dist. No. 92 of Pottawatomie Cty. v. Earls,"Trade licensing, regulation and IP"
"Board of Education of the City School District of the City of New York v. Tom F., on Behalf of Gilbert F., a Minor Child",Government action in relation to immigration
"Board of Trustees of Leland Stanford Junior Univ. v. Roche Molecular Systems, Inc.",Constitutional actors and relationships
Board of Trustees of the Univ. of Ala. v. Garrett,Constitutional actors and relationships
Bobby v. Bies,Government action in relation to immigration
Bolivarian Republic of Venezuela v. Helmerich _ Payne Int_l Drilling Co.,Government action in relation to immigration
Bond v. United States,Government action in relation to immigration
Booth v. Churner,Company financial flows
Borden Ranch Partnership v. Army Corps of Engineers,Constitutional actors and relationships
Borough of Duryea v. Guarnieri,Employment entitlements and disputes
Boulware v. United States,Constitutional actors and relationships
Boumediene v. Bush,Government action in relation to immigration
Bowles v. Russell,Government action in relation to immigration
Bowman v. Monsanto Co.,"Trade licensing, regulation and IP"
Boyer v. Louisiana,Damage to persons through injury
Boyle v. United States,Trial process for criminal matters
Bradshaw v. Stumpf,Damage to persons through injury
Branch v. Smith,Constitutional actors and relationships
Bravo-Fernandez v. United States,Trial process for criminal matters
Brendlin v. California,Government action in relation to immigration
Brentwood Academy v. Tennessee Secondary Athletic Assn.,"Trade licensing, regulation and IP"
Breuer v. Jim_s Concrete of Brevard,Constitutional actors and relationships
Brian Michael Gall v. United States,Government action in relation to immigration
Bridge v. Phoenix Bond _ Indemnity Co. Long Family Land _ Cattle Co.,Government action in relation to immigration
Brigham City v. Stuart,Damage to persons through injury
Briscoe v. Virginia,Trial process for criminal matters
"Bristol-Myers Squibb Co. v. Superior Court of Cal., San Francisco Cty.",Government action in relation to immigration
Brown v. Payton,Trial process for criminal matters
Brown v. Sanders,Trial process for criminal matters
Bruce v. Samuels,Company financial flows
"Bruesewitz v. Wyeth, Inc.",Government action in relation to immigration
Brumfield v. Cain,Jurisdictional divisions and actions
Buck v. Davis,Government action in relation to immigration
"Buckeye Check Cashing, Inc. v. Cardegna",Land contracts and agreements
Buckman Company v. Plaintiffs_ Legal Committee,Constitutional actors and relationships
Buford v. United States,Government action in relation to immigration
Bullcoming v. New Mexico,Government action in relation to immigration
"Bullock v. BankChampaign, N. A.",Beneficiaries’ rights to property in an estate
Burgess v. United States,Government action in relation to immigration
Burlington N. _ S. F. R. Co. v. White,Employment entitlements and disputes
Burlington N. _ S.F.R. Co. v. United States,Government action in relation to immigration
Burrage v. United States,Beneficiaries’ rights to property in an estate
Burt v. Titlow,Damage to persons through injury
Burton v. Stewart,Trial process for criminal matters
Bush v. Palm Beach County Canvassing Board,Constitutional actors and relationships
Byrd v. United States,Land contracts and agreements
"C _ L Enterprises, Inc. v. Citizen Band Potawatomi Tribe of Okla.",Land contracts and agreements
CBOCS West v. Humphries,Government action in relation to immigration
CIGNA Corp. v. Amara,Government action in relation to immigration
"CRST Van Expedited, Inc. v. EEOC",Government action in relation to immigration
"CSX Transp., Inc. v. McBride",Damage to persons through injury
"CSX Transportation, Inc. v. Alabama Dept. of Revenue",Government action in relation to immigration
"CSX Transportation, Inc. v. Georgia State Bd. of Equalization",Government action in relation to immigration
Calcano-Martinez v. United States,Government action in relation to immigration
"California Public Employees_ Retirement System v. ANZ Securities, Inc.",Government action in relation to immigration
Camreta v. Greene,Beneficiaries’ rights to property in an estate
Caperton v. A.T. Massey Coal Co.,Government action in relation to immigration
Carachuri-Rosendo v. Holder,Constitutional actors and relationships
"Caraco Pharmaceutical Laboratories, Ltd. v. Novo Nordisk AS","Trade licensing, regulation and IP"
Carcieri v. Kempthorne,Constitutional actors and relationships
Carey v. Musladin,Government action in relation to immigration
Carey v. Saffold,Constitutional actors and relationships
"Carlsbad Technology, Inc. v. HIF Bio, Inc.",Jurisdictional divisions and actions
Carpenter v. United States,Constitutional actors and relationships
Carr v. United States,Constitutional actors and relationships
Castle Rock v. Gonzales,Trial process for criminal matters
Castro v. United States,Constitutional actors and relationships
"Cedric Kushner Promotions, Ltd. v. King",Employment entitlements and disputes
Central Green Co. v. United States,Constitutional actors and relationships
Central Laborers_ Pension Fund v. Heinz,Employment entitlements and disputes
Central Va. Community College v. Katz,Beneficiaries’ rights to property in an estate
Chadbourne _ Parke LLP v. Troice,Land contracts and agreements
Chafin v. Chafin,Beneficiaries’ rights to property in an estate
Chaidez v. United States,Constitutional actors and relationships
Chamber of Commerce of United States v. Brown,Company financial flows
Chamber of Commerce of United States v. Whiting,Constitutional actors and relationships
Chambers v. United States,Government action in relation to immigration
"Chao v. Mallard Bay Drilling, Inc.",Constitutional actors and relationships
"Chase Bank USA, N. A. v. McCoy","Trade licensing, regulation and IP"
Chavez v. Martinez,Trial process for criminal matters
Chavez-Meza v. United States,Trial process for criminal matters
Cheney v. United States Dist. Court for D. C.,Constitutional actors and relationships
Cherokee Nation of Okla. v. Thompson,Constitutional actors and relationships
"Chevron U. S. A., Inc. v. Echazabal",Employment entitlements and disputes
Chickasaw Nation v. United States,Constitutional actors and relationships
"Christian Legal Soc. Chapter of Univ. of Cal., Hastings College of Law v. Martinez",Government action in relation to immigration
Christie v. National Collegiate Athletic Assn.,Constitutional actors and relationships
Christopher v. Harbury,Constitutional actors and relationships
Christopher v. SmithKline Beecham Corp.,Land contracts and agreements
Circuit City Stores v. Adams,Employment entitlements and disputes
Citizens United v. Federal Election Commission (Reargued),Government action in relation to immigration
Citizens United v. Federal Election Comm’n,Constitutional actors and relationships
"City News _ Novelty, Inc. v. Waukesha",Jurisdictional divisions and actions
City and County of San Francisco v. Sheehan,Damage to persons through injury
City of Hays v. Vogt,Trial process for criminal matters
"City of Littleton v. Z.J. Gifts D-4, L.L.C.",Company financial flows
City of Sherrill v. Oneida Indian Nation of N. Y.,Land contracts and agreements
"Clackamas Gastroenterology Associates, P. C. v. Wells",Employment entitlements and disputes
Claiborne v. United States,Government action in relation to immigration
Clapper v. Amnesty International USA,Constitutional actors and relationships
Clark v. Arizona,Jurisdictional divisions and actions
Clark v. Martinez,Constitutional actors and relationships
Class v. United States,Constitutional actors and relationships
Clay v. United States,Government action in relation to immigration
Cleveland v. United States,Land contracts and agreements
"Coeur Alaska, Inc. v. Southeast Alaska Conservation Council",Government action in relation to immigration
Coleman v. Court of Appeals of Md.,Employment entitlements and disputes
Coleman v. Tollefson,Constitutional actors and relationships
Collins v. Virginia,Trial process for criminal matters
"Columbus v. Ours Garage _ Wrecker Service, Inc.",Constitutional actors and relationships
Comcast Corp. v. Behrend,Damage to persons through injury
"Commil USA, LLC v. Cisco Systems, Inc.","Trade licensing, regulation and IP"
Commissioner v. Banks,Company financial flows
Comptroller of Treasury of Md. v. Wynne,Company financial flows
CompuCredit Corp. v. Greenwood,Land contracts and agreements
Cone v. Bell,Government action in relation to immigration
Conkright v. Frommert,Beneficiaries’ rights to property in an estate
Connecticut Dept. of Public Safety v. Doe,Jurisdictional divisions and actions
Connick v. Thompson,Government action in relation to immigration
"Cook County v. United States, ex rel. Chandler",Constitutional actors and relationships
Cook v. Gralike,Constitutional actors and relationships
"Cooper Industries, Inc. v. Leatherman Tool Group, Inc.",Government action in relation to immigration
Corley v. United States,Government action in relation to immigration
Correctional Services Corp. v. Malesko,Constitutional actors and relationships
Costco Wholesale Corp. v. Omega S.A.,Land contracts and agreements
County of Los Angeles v. Mendez,Government action in relation to immigration
Coventry Health Care of Mo. v. Nevils,Government action in relation to immigration
Crawford v. Marion County Election Board,Government action in relation to immigration
Crawford v. Metropolitan Government of Nashville and Davidson Cty.,Government action in relation to immigration
Crawford v. Washington,Trial process for criminal matters
Credit Suisse Securities (USA) LLC v. Billing,Government action in relation to immigration
Cullen v. Pinholster,Constitutional actors and relationships
Cunningham v. California,Government action in relation to immigration
"Cuomo v. Clearing House Assn., L.L.C.",Constitutional actors and relationships
"Cuozzo Speed Technologies, LLC v. Lee","Trade licensing, regulation and IP"
Currier v. Virginia,Damage to persons through injury
Cutter v. Wilkinson,Constitutional actors and relationships
"Cyan, Inc. v. Beaver County Employees Retirement Fund",Constitutional actors and relationships
Czyzewski v. Jevic Holding Corp.,Government action in relation to immigration
Dada v. Mukasey,Government action in relation to immigration
Dahda v. United States,Constitutional actors and relationships
Daimler AG v. Bauman,Jurisdictional divisions and actions
DaimlerChrysler Corp. v. Cuno,Land contracts and agreements
Dalmazzi v. United States,Jurisdictional divisions and actions
"Dan_s City Used Cars, Inc. v. Pelkey",Land contracts and agreements
Danforth v. Minnesota,Constitutional actors and relationships
Daniels v. United States,Constitutional actors and relationships
Dart Cherokee Basin Operating Co. v. Owens,Government action in relation to immigration
Dastar Corp. v. Twentieth Century Fox Film Corp.,Employment entitlements and disputes
Davenport v. Washington Ed. Assn.,Government action in relation to immigration
Davila v. Davis,Damage to persons through injury
Davis v. Ayala,Damage to persons through injury
Davis v. Federal Election Comm’n,Government action in relation to immigration
Davis v. United States,Government action in relation to immigration
Davis v. Washington,Trial process for criminal matters
DePierre v. United States,Government action in relation to immigration
Dean v. United States,Government action in relation to immigration
Deck v. Missouri,Trial process for criminal matters
Decker v. Northwest Environmental Defense Center,Government action in relation to immigration
Delia v. E.M.A.,Trial process for criminal matters
Demore v. Hyung Joon Kim,Jurisdictional divisions and actions
Department of Health and Human Servs. v. Florida,Constitutional actors and relationships
Department of Homeland Security v. MacLean,Constitutional actors and relationships
Department of Housing and Urban Development v. Rucker,Land contracts and agreements
Department of Interior v. Klamath Water Users Protective Assn.,Constitutional actors and relationships
Department of Revenue of Ky. v. Davis,Government action in relation to immigration
Department of Transportation v. Association of American Railroads,Constitutional actors and relationships
Derrick Kimbrough v. United States,Government action in relation to immigration
Descamps v. United States,Trial process for criminal matters
"Desert Palace, Inc. v. Costa","Trade licensing, regulation and IP"
Devenpeck v. Alford,Jurisdictional divisions and actions
Devlin v. Scardelletti,Constitutional actors and relationships
Dietz v. Bouldin,Trial process for criminal matters
"Digital Realty Trust, Inc. v. Somers",Employment entitlements and disputes
Direct Marketing Assn. v. Brohl,Company financial flows
Director of Revenue of Mo. v. CoBank ACB,Constitutional actors and relationships
"Directv, Inc. v. Imburgia",Land contracts and agreements
District Attorney’s Office for Third Judicial Dist. v. Osborne,Government action in relation to immigration
District of Columbia v. Heller,Government action in relation to immigration
"District of Columbia v. Tri County Industries, Inc.",Damage to persons through injury
District of Columbia v. Wesby,Trial process for criminal matters
Dixon v. United States,Constitutional actors and relationships
Dodd v. United States,Constitutional actors and relationships
Doe v. Chao,Constitutional actors and relationships
Doe v. Reed,Government action in relation to immigration
Dolan v. Postal Service,Constitutional actors and relationships
Dolan v. United States,Government action in relation to immigration
Dole Food Co. v. Patrickson,Constitutional actors and relationships
Dollar General Corp. v. Mississippi Band of Choctaw Indians,Jurisdictional divisions and actions
"Domino_s Pizza, Inc. v. McDonald",Land contracts and agreements
Dorsey v. United States,Constitutional actors and relationships
"Douglas v. Independent Living Center of Southern Cal., Inc.",Constitutional actors and relationships
Dow Chemical Co. v. Stephenson,Government action in relation to immigration
Dretke v. Haley,Constitutional actors and relationships
Duncan v. Owens,Government action in relation to immigration
Duncan v. Walker,Constitutional actors and relationships
"Dura Pharmaceuticals, Inc. v. Broudo",Damage to persons through injury
Dusenbery v. United States,Constitutional actors and relationships
EC Term of Years Trust v. United States,Constitutional actors and relationships
"EEOC v. Abercrombie _ Fitch Stores, Inc.",Employment entitlements and disputes
"EEOC v. Waffle House, Inc.",Land contracts and agreements
Eastern Associated Coal Corp. v. Mine Workers,Land contracts and agreements
Edelman v. Lynchburg College,Employment entitlements and disputes
Egelhoff v. Egelhoff,Beneficiaries’ rights to property in an estate
Eldred v. Ashcroft,Employment entitlements and disputes
Elgin v. Department of Treasury,Constitutional actors and relationships
Elk Grove Unified School Dist. v. Newdow,Beneficiaries’ rights to property in an estate
Elonis v. United States,Damage to persons through injury
"Empire HealthChoice Assurance, Inc. v. McVeigh",Constitutional actors and relationships
"Encino Motorcars, LLC v. Navarro",Employment entitlements and disputes
Endrew F. v. Douglas County School Dist. RE-1,Government action in relation to immigration
Engquist v. Oregon Dept. of Agriculture,Government action in relation to immigration
"Entergy Corp. v. Riverkeeper, Inc.",Government action in relation to immigration
"Entergy La., Inc. v. Louisiana Pub. Serv. Comm_n",Constitutional actors and relationships
Environmental Defense v. Duke Energy Corp.,Constitutional actors and relationships
Epic Systems Corp. v. Lewis,Employment entitlements and disputes
"Erica P. John Fund, Inc. v. Halliburton Co.","Trade licensing, regulation and IP"
Esquivel-Quintana v. Sessions,Government action in relation to immigration
Evans v. Chavis,Constitutional actors and relationships
Evans v. Michigan,Trial process for criminal matters
Evenwel v. Abbott,Government action in relation to immigration
Ewing v. California,Trial process for criminal matters
Executive Benefits Ins. Agency v. Arkison,Jurisdictional divisions and actions
Expressions Hair Design v. Schneiderman,"Trade licensing, regulation and IP"
Exxon Mobil Corp. v. Saudi Basic Industries Corp.,Constitutional actors and relationships
"Exxon Mobile Corp. v. Allapattah Services, Inc.",Jurisdictional divisions and actions
Exxon Shipping Co. v. Baker,Government action in relation to immigration
"F. Hoffmann-LaRoche, Ltd. v. Empagran S.A.",Damage to persons through injury
FAA v. Cooper,Constitutional actors and relationships
FCC v. AT_T Inc.,Government action in relation to immigration
FCC v. NextWave Personal Communications Inc.,Company financial flows
FERC v. Electric Power Supply Assn.,"Trade licensing, regulation and IP"
"FTC v. Actavis, Inc.","Trade licensing, regulation and IP"
"FTC v. Phoebe Putney Health System, Inc.",Constitutional actors and relationships
Federal Election Comm_n v. Beaumont,Employment entitlements and disputes
Federal Election Comm_n v. Colorado Republican Fed. Campaign Comm.,Company financial flows
"Federal Election Comm_n v. Wisconsin Right to Life, Inc.",Government action in relation to immigration
Federal Express Corp. v. Holowecki,Government action in relation to immigration
Federal Maritime Comm_n. v. South Carolina Ports Authority,Constitutional actors and relationships
Fellers v. United States,Trial process for criminal matters
Ferguson v. Charleston,Trial process for criminal matters
Fernandez v. California,Trial process for criminal matters
Fernandez-Vargas v. Gonzales,Trial process for criminal matters
Festo Corp. v. Shoketsu Kinzoku Kogyo Kabushiki Co.,"Trade licensing, regulation and IP"
Fifth Third Bancorp v. Dudenhoeffer,Beneficiaries’ rights to property in an estate
Filarsky v. Delia,Constitutional actors and relationships
First American Financial Corp. v. Edwards,Land contracts and agreements
Fitzgerald v. Barnstable School Comm.,Land contracts and agreements
Fitzgerald v. Racing Assn. of Central Iowa,Constitutional actors and relationships
Florence v. Board of Chosen Freeholders of County of Burlington,Damage to persons through injury
Flores-Figueroa v. United States,Government action in relation to immigration
Flores-Villar v. United States,Government action in relation to immigration
"Florida Dept. of Revenue v. Piccadilly Cafeterias, Inc.",Government action in relation to immigration
Florida v. Department of Health and Human Servs.,Constitutional actors and relationships
Florida v. Harris,Jurisdictional divisions and actions
Florida v. Jardines,Jurisdictional divisions and actions
Florida v. Nixon,Damage to persons through injury
Florida v. Powell,Constitutional actors and relationships
Florida v. Thomas,Jurisdictional divisions and actions
Fonseca Pereira v. Sessions,Constitutional actors and relationships
Ford Motor Co. v. McCauley,Constitutional actors and relationships
Forest Grove School Dist. v. T.A.,Jurisdictional divisions and actions
Foster v. Chatman,Damage to persons through injury
Fowler v. United States,Constitutional actors and relationships
Fox v. Vice,Constitutional actors and relationships
Franchise Tax Bd. of Cal. v. Hyatt,Constitutional actors and relationships
Francisco Soso v. Alvarez-Machain,Jurisdictional divisions and actions
Franconia Associates v. United States,Land contracts and agreements
Free Enterprise Fund v. Public Company Accounting Oversight Bd.,"Trade licensing, regulation and IP"
"Freeman v. Quicken Loans, Inc.",Constitutional actors and relationships
Freeman v. United States,Land contracts and agreements
Frew v. Hawkins,Constitutional actors and relationships
Friedrichs v. California Teachers Assn.,Government action in relation to immigration
Fry v. Napoleon Community Schools,Government action in relation to immigration
Fry v. Pliler,Government action in relation to immigration
Gabelli v. SEC,Constitutional actors and relationships
Garcetti v. Ceballos,Employment entitlements and disputes
Garcetti v. Ceballos (Reargued),Employment entitlements and disputes
General Dynamics Corp. v. United States,Constitutional actors and relationships
"General Dynamics Land Systems, Inc. v. Cline",Employment entitlements and disputes
Genesis HealthCare Corp. v. Symczyk,Damage to persons through injury
Georgia v. Randolph,Trial process for criminal matters
Giles v. California,Government action in relation to immigration
Gisbrecht v. Barnhart,Damage to persons through injury
Gitlitz v. Commissioner,Company financial flows
"Global Crossing Telecommunications, Inc. v. Metrophones Telecommunications, Inc.",Constitutional actors and relationships
"Global-Tech Appliances, Inc. v. SEB S.A.","Trade licensing, regulation and IP"
Glover v. United States,Constitutional actors and relationships
Gobeille v. Liberty Mut. Ins. Co.,Damage to persons through injury
Golan v. Holder,Government action in relation to immigration
Gomez-Perez v. Potter,Constitutional actors and relationships
Gonzaga Univ. v. Doe,Constitutional actors and relationships
Gonzales v. O Centro Espirita Beneficiente Uniao Do Vegetal,Constitutional actors and relationships
Gonzales v. Oregon,Constitutional actors and relationships
"Gonzales v. Planned Parenthood Federation of America, Inc.",Government action in relation to immigration
Gonzales. v. Duenas-Alvarez,Government action in relation to immigration
Gonzalez v. Crosby,Constitutional actors and relationships
Gonzalez v. Thaler,Constitutional actors and relationships
Gonzalez v. United States,Government action in relation to immigration
"Goodyear Dunlop Tires Operations, S.A. v. Brown",Jurisdictional divisions and actions
Goodyear Tire _ Rubber Co. v. Haeger,Government action in relation to immigration
"Grable _ Sons Metal Products, Inc. v. Darue Engineering _ Mfg.",Constitutional actors and relationships
Graham County Soil _ Water Conservation Dist. v. United States ex rel. Wilson,Constitutional actors and relationships
Graham County Soil and Water Conservation Dist. v. United States ex rel. Wilson,Constitutional actors and relationships
Graham v. Florida,Beneficiaries’ rights to property in an estate
Granite Rock Co. v. Teamsters,Land contracts and agreements
Great-West Life _ Annuity Ins. Co. v. Knudson,Company financial flows
Green Tree Financial Corp. v. Bazzle,Land contracts and agreements
Green Tree Financial Corp.-Ala. v. Randolph,Land contracts and agreements
Green v. Brennan,Employment entitlements and disputes
Greene v. Fisher,Government action in relation to immigration
Greenlaw v. United States,Government action in relation to immigration
Groh v. Ramirez,Jurisdictional divisions and actions
"Gross v. FBL Financial Services, Inc.",Government action in relation to immigration
Grupo Dataflux v. Atlas Global Group,Damage to persons through injury
Gundy v. United States,Government action in relation to immigration
Gunn v. Minton,Constitutional actors and relationships
Halbert v. Michigan,Damage to persons through injury
"Hall Street Associates, L.L.C. v. Mattel, Inc.",Government action in relation to immigration
Hall v. Florida,Beneficiaries’ rights to property in an estate
Hall v. United States,Beneficiaries’ rights to property in an estate
"Halliburton Co. v. Erica P. John Fund, Inc.","Trade licensing, regulation and IP"
"Halo Electronics, Inc. v. Pulse Electronics, Inc.","Trade licensing, regulation and IP"
Hamdan v. Rumsfeld,Government action in relation to immigration
Hamdi v. Rumsfeld,Jurisdictional divisions and actions
Hamilton v. Lanning,Company financial flows
Hammon v. Indiana,Jurisdictional divisions and actions
"Hana Financial, Inc. v. Hana Bank",Trial process for criminal matters
Harbison v. Bell,Constitutional actors and relationships
Hardt v. Reliance Standard Life Ins. Co.,Government action in relation to immigration
Harrington v. Richter,Trial process for criminal matters
Harris v. Arizona Independent Redistricting Comm_n,Constitutional actors and relationships
Harris v. Quinn,Constitutional actors and relationships
Harris v. United States,Trial process for criminal matters
Harris v. Viegelahn,Beneficiaries’ rights to property in an estate
Hartman v. Moore,Trial process for criminal matters
Hawaii v. Office of Hawaiian Affairs,Land contracts and agreements
Hawkins v. Community Bank of Raymore,Jurisdictional divisions and actions
Haywood v. Drown,Constitutional actors and relationships
Hedgpeth v. Pulido,Trial process for criminal matters
Heffernan v. City of Paterson,Constitutional actors and relationships
Heien v. North Carolina,Jurisdictional divisions and actions
Heimeshoff v. Hartford Life _ Accident Ins. Co.,Damage to persons through injury
"Hein v. Freedom From Religion Foundation, Inc.",Company financial flows
"Hemi Group, LLC v. City of New York",Government action in relation to immigration
Henderson v. Shinseki,Government action in relation to immigration
Henderson v. United States,Constitutional actors and relationships
Henson v. Santander Consumer USA Inc.,Government action in relation to immigration
Hernandez v. Mesa,Government action in relation to immigration
Herring v. United States,Trial process for criminal matters
Hertz Corp. v. Friend,Company financial flows
Hibbs v. Winn,Company financial flows
"Highmark, Inc. v. Allcare Health Management System, Inc.",Constitutional actors and relationships
"Hiibel v. Sixth Judicial Dist. Court of Nev., Humboldt Cty.",Jurisdictional divisions and actions
Hillman v. Maretta,Constitutional actors and relationships
Hillside Dairy Inc. v. Lyons,Constitutional actors and relationships
Hinck v. United States,Government action in relation to immigration
"Hoffman Plastic Compounds, Inc. v. NLRB",Employment entitlements and disputes
Holder v. Humanitarian Law Project,Constitutional actors and relationships
Holder v. Martinez Gutierrez,Beneficiaries’ rights to property in an estate
Holland v. Florida,Damage to persons through injury
"Holmes Group, Inc. v. Vornado Air Circulation Systems, Inc.",Constitutional actors and relationships
Holmes v. South Carolina,Damage to persons through injury
Honeycutt v. United States,Constitutional actors and relationships
Hope v. Pelzer,Employment entitlements and disputes
Horne v. Department of Agriculture,Constitutional actors and relationships
Horne v. Flores,Government action in relation to immigration
Hosanna-Tabor Evangelical Lutheran Church and School v. EEOC,Government action in relation to immigration
House v. Bell,Damage to persons through injury
"Household Credit Services, Inc. v. Pfennig",Constitutional actors and relationships
"Howard Delivery Service, Inc. v. Zurich American Ins.",Employment entitlements and disputes
Howell v. Howell,Land contracts and agreements
Howell v. Mississippi,Trial process for criminal matters
"Howsam v. Dean Witter Reynolds, Inc.",Land contracts and agreements
Hudson v. Michigan,Trial process for criminal matters
Hudson v. Michigan (Reargued),Trial process for criminal matters
"Hughes v. Talen Energy Marketing, LLC","Trade licensing, regulation and IP"
Hughes v. United States,Constitutional actors and relationships
Hui v. Castaneda,Constitutional actors and relationships
Hurst v. Florida,Trial process for criminal matters
"Husky Int_l Electronics, Inc. v. Ritz",Company financial flows
INS v. St. Cyr,Government action in relation to immigration
Idaho v. United States,Land contracts and agreements
"Illinois Tool Works Inc. v. Independent Ink, Inc.","Trade licensing, regulation and IP"
Illinois v. Caballes,Trial process for criminal matters
Illinois v. Lidster,Trial process for criminal matters
Illinois v. McArthur,Trial process for criminal matters
"Impressions Products, Inc. v. Lexmark Int_l, Inc.","Trade licensing, regulation and IP"
Indiana v. Edwards,Damage to persons through injury
Indianapolis v. Edmond,Trial process for criminal matters
"Integrity Staffing Solutions, Inc. v. Busk",Employment entitlements and disputes
"Intel Corp. v. Advanced Micro Devices, Inc.",Government action in relation to immigration
Inyo County v. Paiute-Shoshone Indians of Bishop Community of Bishop Colony,Constitutional actors and relationships
Iowa v. Tovar,Jurisdictional divisions and actions
Irizarry v. United States,Government action in relation to immigration
"J. E. M. Ag Supply, Inc. v. Pioneer Hi-Bred International, Inc.","Trade licensing, regulation and IP"
"J. McIntyre Machinery, Ltd. v. Nicastro",Government action in relation to immigration
J.D.B. v. North Carolina,Jurisdictional divisions and actions
JP Morgan Chase Bank v. Traffic Stream (BVI) Infrastructure Ltd.,Jurisdictional divisions and actions
Jackson v. Birmingham Bd. of Ed.,Land contracts and agreements
Jackson v. Hobbs,Trial process for criminal matters
"James LaRue v. DeWolff, Boberg _ Associates Inc., et al.",Government action in relation to immigration
James v. United States,Damage to persons through injury
"Janus v. State, County, and Municipal Employees",Constitutional actors and relationships
Jennings v. Rodriguez,Constitutional actors and relationships
Jennings v. Stevens,Constitutional actors and relationships
"Jerman v. Carlisle, McNellie, Rini, Kramer _ Ulrich LPA",Government action in relation to immigration
"Jesner v. Arab Bank, PLC.",Damage to persons through injury
Jimenez v. Quarterman,Government action in relation to immigration
Jinks v. Richland County,Constitutional actors and relationships
John R. Sand _ Gravel Co. v. United States,Constitutional actors and relationships
Johnson v. United States,Trial process for criminal matters
Johnson v. Williams,Constitutional actors and relationships
Jones v. Bock,Government action in relation to immigration
Jones v. Flowers,Land contracts and agreements
Jones v. Harris Associates L.P.,Government action in relation to immigration
Jones v. R. R. Donnelley _ Sons Co.,Constitutional actors and relationships
"Jose Ernesto Medellin, v. Texas",Government action in relation to immigration
Judulang v. Holder,Trial process for criminal matters
"KP Permanent Make-Up, Inc. v. Lasting Impression, Inc.","Trade licensing, regulation and IP"
"KSR International Co. v. Teleflex, Inc.",Government action in relation to immigration
Kaley v. United States,Constitutional actors and relationships
Kansas v. Carr,Trial process for criminal matters
Kansas v. Cheever,Constitutional actors and relationships
Kansas v. Colorado,Government action in relation to immigration
Kansas v. Crane,Trial process for criminal matters
Kansas v. Gleason,Trial process for criminal matters
Kansas v. Marsh,Beneficiaries’ rights to property in an estate
Kansas v. Marsh (Reargued),Beneficiaries’ rights to property in an estate
Kansas v. Nebraska,Land contracts and agreements
Kansas v. Ventris,Trial process for criminal matters
Kappos v. Hyatt,Government action in relation to immigration
Kasten v. Saint-Gobain Performance Plastics Corp.,Employment entitlements and disputes
Kawasaki Kisen Kaisha Ltd. v. Regal-Beloit Corp.,Jurisdictional divisions and actions
Kawashima v. Holder,Constitutional actors and relationships
"Kellogg Brown _ Root Services, Inc. v. United States, ex rel, Carter",Constitutional actors and relationships
Kelly v. South Carolina,Trial process for criminal matters
Kelo v. New London,Land contracts and agreements
Kennedy v. Louisiana,Beneficiaries’ rights to property in an estate
Kennedy v. Plan Administrator for DuPont Sav. and Investment Plan,Government action in relation to immigration
"Kentucky Assn. of Health Plans, Inc. v. Miller",Company financial flows
Kentucky Retirement Systems v. EEOC,Government action in relation to immigration
Kentucky v. King,Trial process for criminal matters
Kerry v. Din,Beneficiaries’ rights to property in an estate
Khanh Phuong Nguyen v. United States,Constitutional actors and relationships
"Kimble v. Marvel Enterprises, Inc.","Trade licensing, regulation and IP"
Kindred Nursing Centers Ltd. v. Clark,Government action in relation to immigration
King v. Burwell,Constitutional actors and relationships
"Kingdomware Technologies, Inc. v. United States",Constitutional actors and relationships
Kingsley v. Hendrickson,Trial process for criminal matters
Kiobel v. Royal Dutch Petroleum Co.,Jurisdictional divisions and actions
Kircher v. Putnam Funds Trust,Constitutional actors and relationships
"Kirtsaeng v. John Wiley _ Sons, Inc.",Land contracts and agreements
Klein _ Co. Futures v. Board of Trade of City of New York,Land contracts and agreements
Kloeckner v. Solis,Constitutional actors and relationships
Knick v. Township of Scott,Constitutional actors and relationships
Knight v. Commissioner,Beneficiaries’ rights to property in an estate
Knowles v. Mirzayance,Government action in relation to immigration
Knox v. Service Employees,Company financial flows
Kokesh v. SEC,Constitutional actors and relationships
Koons v. United States,Constitutional actors and relationships
Koontz v. St. Johns River Water Management Dist.,Land contracts and agreements
"Krupski v. Costa Crociere, S. p. A.",Government action in relation to immigration
Kucana v. Holder,Government action in relation to immigration
Kurns v. Railroad Friction Products Corp.,Constitutional actors and relationships
Kyllo v. United States,Trial process for criminal matters
"Laboratory Corp. of America Holdings v. Metabolite Laboratories, Inc.","Trade licensing, regulation and IP"
Lackawanna County District Attorney v. Coss,Constitutional actors and relationships
Lafler v. Cooper,Damage to persons through injury
Lagos v. United States,Constitutional actors and relationships
"Lamar, Archer _ Cofrin, LLP v. Appling",Constitutional actors and relationships
Lamie v. United States Trustee,Beneficiaries’ rights to property in an estate
Lane v. Franks,Employment entitlements and disputes
Lapides v. Board of Regents of Univ. System of Ga.,Constitutional actors and relationships
Law v. Siegel,Beneficiaries’ rights to property in an estate
Lawrence v. Florida,Government action in relation to immigration
Lawrence v. Texas,Government action in relation to immigration
Lawson v. FMR LLC,Employment entitlements and disputes
Ledbetter v. Goodyear Tire _ Rubber Co.,Government action in relation to immigration
Lee v. Kemna,Damage to persons through injury
Lee v. Tam,Constitutional actors and relationships
Lee v. United States,Damage to persons through injury
"Leegin Creative Leather Products, Inc. v. PSKS, Inc.","Trade licensing, regulation and IP"
Legal Services Corporation v. Velazquez,Constitutional actors and relationships
"Levin v. Commerce Energy, Inc.",Government action in relation to immigration
Levin v. United States,Constitutional actors and relationships
Lewis v. City of Chicago,Land contracts and agreements
Lewis v. Clarke,Government action in relation to immigration
"Lewis v. Lewis _ Clark Marine, Inc.",Damage to persons through injury
"Lexmark Int_l, Inc. v. Static Control Components, Inc.",Damage to persons through injury
Life Technologies Corp. v. Promega Corp.,Government action in relation to immigration
Lightfoot v. Cendant Mortgage,Jurisdictional divisions and actions
"Limelight Networks, Inc. v. Akamai Technologies, Inc.","Trade licensing, regulation and IP"
Limtiaco. v. Camacho,Government action in relation to immigration
Lincoln Property Co. v. Roche,Land contracts and agreements
Lingle v. Chevron U. S. A. Inc.,Constitutional actors and relationships
Locke v. Karass,Government action in relation to immigration
Lockhart v. United States,Constitutional actors and relationships
Lockyer v. Andrade,Constitutional actors and relationships
Logan v. United States,Government action in relation to immigration
"Long Island Care at Home, Ltd. v. Coke",Government action in relation to immigration
Lopez v. Davis,Constitutional actors and relationships
Lopez v. Gonzales,Constitutional actors and relationships
Lorillard Tobacco Co. v. Reilly,Constitutional actors and relationships
Los Angeles County v. Humphries,Constitutional actors and relationships
"Los Angeles v. Alameda Books, Inc.",Company financial flows
Los Angeles v. Patel,Trial process for criminal matters
Loughrin v. United States,Constitutional actors and relationships
Lozano v. Montoya Alvarez,Beneficiaries’ rights to property in an estate
Lozman v. Riviera Beach,Jurisdictional divisions and actions
Lucia v. SEC,Jurisdictional divisions and actions
Luis v. United States,Company financial flows
"Lujan v. G _ G Fire Sprinklers, Inc.",Land contracts and agreements
Lynch v. Dimaya,Government action in relation to immigration
Lynch v. Morales-Santana,Government action in relation to immigration
"M_G Polymers USA, LLC v. Tackett",Land contracts and agreements
"Mac_s Shell Service, Inc. v. Shell Oil Products Co.",Land contracts and agreements
"Mach Mining, LLC v. EEOC",Government action in relation to immigration
Madigan v. Levin,Constitutional actors and relationships
"Madigan v. Telemarketing Associates, Inc.",Company financial flows
Madison v. Alabama,Government action in relation to immigration
Magwood v. Patterson,Government action in relation to immigration
Manrique v. United States,Government action in relation to immigration
Manuel Ayestas v. Davis,Damage to persons through injury
Manuel v. Joliet,Government action in relation to immigration
Marinello v. United States,Constitutional actors and relationships
Markazi v. Peterson,Government action in relation to immigration
Marrama v. Citizens Bank of Mass.,Beneficiaries’ rights to property in an estate
Marshall v. Marshall,Beneficiaries’ rights to property in an estate
Martel v. Clair,Constitutional actors and relationships
Martin v. Franklin Capital Corp.,Constitutional actors and relationships
Martinez v. Ryan,Damage to persons through injury
Marvin M. Brandt Revocable Trust v. United States,Land contracts and agreements
Marx v. General Revenue Corp.,Employment entitlements and disputes
Maryland v. Blake,Damage to persons through injury
Maryland v. King,Constitutional actors and relationships
Maryland v. Pringle,Jurisdictional divisions and actions
Maryland v. Shatzer,Government action in relation to immigration
Maslenjak v. United States,Government action in relation to immigration
Massachusetts v. EPA,Government action in relation to immigration
Massanari v. Sigmon Coal Co.,Damage to persons through injury
Massaro v. United States,Damage to persons through injury
Mata v. Lynch,"Trade licensing, regulation and IP"
Match-E-Be-Nash-She-Wish Band of Pottawatomi Indians v. Patchak,Land contracts and agreements
"Mathias v. Worldcom Technologies, Inc.",Constitutional actors and relationships
Mathis v. United States,Government action in relation to immigration
Matrixx Initiatives v. Siracusano,Government action in relation to immigration
"Mayo Collaborative Services v. Prometheus Laboratories, Inc.","Trade licensing, regulation and IP"
Mayo Foundation for Medical Ed. and Research v. United States,Employment entitlements and disputes
Mayorkas v. Cuellar de Osorio,Beneficiaries’ rights to property in an estate
McBurney v. Young,Constitutional actors and relationships
McConnell v. Federal Election Comm_n,Company financial flows
McCoy v. Louisiana,Beneficiaries’ rights to property in an estate
McCreary County v. American Civil Liberties Union of Ky.,Constitutional actors and relationships
McCrory v. Harris,Government action in relation to immigration
McCutcheon v. Federal Election Comm_n,Company financial flows
McDonald v. City of Chicago,Constitutional actors and relationships
McDonnell v. United States,Government action in relation to immigration
McFadden v. United States,Constitutional actors and relationships
McKune v. Lile,Constitutional actors and relationships
McLane Co. v. EEOC,Government action in relation to immigration
McNeill v. United States,Government action in relation to immigration
McQuiggin v. Perkins,Constitutional actors and relationships
McWilliams v. Dunn,Government action in relation to immigration
Meacham v. Knolls Atomic Power Laboratory,Government action in relation to immigration
MeadWestvaco Corp. v. Illinois Dept. of Revenue,Company financial flows
"MedImmune, Inc. v. Genentech, Inc.","Trade licensing, regulation and IP"
Medellin v. Dretke,Constitutional actors and relationships
Medtronic Inc. v. Boston Scientific Corp.,"Trade licensing, regulation and IP"
Melendez-Diaz v. Massachusetts,Government action in relation to immigration
Mellouli v. Holder,Constitutional actors and relationships
Menominee Tribe of Wis. v. United States,Constitutional actors and relationships
"Merck KGaA v. Integra Lifesciences I, LTD.",Constitutional actors and relationships
Merck _ Co. v. Reynolds,Damage to persons through injury
Meredith v. Jefferson County Bd. of Ed.,Government action in relation to immigration
"Merit Management Group, LP v. FTI Consulting, Inc.",Beneficiaries’ rights to property in an estate
"Merrill Lynch, Pierce, Fenner _ Smith Inc. v. Manning",Constitutional actors and relationships
"Merrill Lynch, Pierce, Fenner _ Smith, Inc. v. Dabit",Constitutional actors and relationships
Messerschmidt v. Millender,Trial process for criminal matters
Metrish v. Lancaster,Damage to persons through injury
"Metro-Goldwyn-Mayer Studios Inc. v. Grokster, Ltd.",Company financial flows
Metropolitan Life Ins. Co. v. Glenn,Government action in relation to immigration
Meyer v. Holly,Constitutional actors and relationships
Michael A. Watson v. United States,Government action in relation to immigration
Michael Rivera. v. Illinois,Constitutional actors and relationships
Michigan v. Bay Mills Indian Community,Constitutional actors and relationships
Michigan v. Bryant,Trial process for criminal matters
Michigan v. EPA,Constitutional actors and relationships
Mickens v. Taylor,Damage to persons through injury
Microsoft Corp. v. AT_T Corp.,Government action in relation to immigration
Microsoft Corp. v. Baker,Government action in relation to immigration
Microsoft Corp. v. i4i Ltd. Partnership,"Trade licensing, regulation and IP"
"Midland Funding, LLC v. Johnson",Government action in relation to immigration
"Milavetz, Gallop _ Milavetz, P.A. v. United States",Government action in relation to immigration
Millbrook v. United States,Jurisdictional divisions and actions
Miller v. Alabama,Beneficiaries’ rights to property in an estate
Miller-El v. Cockrell,Damage to persons through injury
Miller-El v. Dretke,Beneficiaries’ rights to property in an estate
Milner v. Department of Navy,Constitutional actors and relationships
"Mims v. Arrow Financial Services, LLC",Constitutional actors and relationships
Ministry of Defense and Support for Armed Forces of Islamic Republic of Iran v. Elahi,Government action in relation to immigration
Minneci v. Pollard,Constitutional actors and relationships
"Mississippi, Inc. ex rel. Hood v. AU Optronics Corp.",Company financial flows
Missouri v. Frye,Damage to persons through injury
Missouri v. McNeely,Trial process for criminal matters
Missouri v. Siebert,Trial process for criminal matters
Mohamad v. Palestinian Authority,Constitutional actors and relationships
"Mohawk Industries, Inc. v. Carpenter",Government action in relation to immigration
"Mohawk Industries, Inc. v. Williams",Company financial flows
Molina-Martinez v. United States,Government action in relation to immigration
Moncrieffe v. Holder,Constitutional actors and relationships
Monsanto Co. v. Geertson Seed Farms,Government action in relation to immigration
Montana v. Wyoming,Government action in relation to immigration
Montanile v. Board of Trustees of Nat. Elevator Industry Health Benefit Plan,Company financial flows
Montejo v. Louisiana,Government action in relation to immigration
Montgomery v. Louisiana,Constitutional actors and relationships
Moore v. Texas,Government action in relation to immigration
Morgan Stanley Capital Group Inc. v. Public Utility Distr. No. 1 of Snohomish Cty.,Government action in relation to immigration
Morrison v. National Australia Bank Ltd.,Government action in relation to immigration
Morse v. Frederick,Government action in relation to immigration
"Moseley v. V. Secret Catalogue, Inc.","Trade licensing, regulation and IP"
Mount Lemmon Fire Dist. v. John Guido,Government action in relation to immigration
Muehler v. Mena,Trial process for criminal matters
Muhammad v. Close,Jurisdictional divisions and actions
Munaf v. Geren,Government action in relation to immigration
Murphy v. Smith,Employment entitlements and disputes
Murr v. Wisconsin,Land contracts and agreements
Musacchio v. United States,Trial process for criminal matters
Mutual Pharmaceutical Co. v. Bartlett,Damage to persons through injury
NASA v. Nelson,Constitutional actors and relationships
NLRB v. Canning,Constitutional actors and relationships
"NLRB v. Kentucky River Community Care, Inc.","Trade licensing, regulation and IP"
"NLRB v. SW General, Inc.",Government action in relation to immigration
"NRG Power Marketing, LLC v. Maine Pub. Util. Comm’n",Land contracts and agreements
National Assn. of Home Builders v. Defenders of Wildlife,Government action in relation to immigration
National Assn. of Mfrs. v. Department of Defense,Constitutional actors and relationships
National Cable _ Telecommunications Assn. v. Brand X Internet Services,Constitutional actors and relationships
National Federation of Independent Business v. Sebelius,Constitutional actors and relationships
National Institute of Family and Life Advocates v. Becerra,Damage to persons through injury
National Meat Assn. v. Harris,Constitutional actors and relationships
National Park Hospitality Assn. v. Department of Interior,Constitutional actors and relationships
National Railroad Passenger Corporation v. Morgan,"Trade licensing, regulation and IP"
"Nautilus, Inc. v. Biosig Instruments, Inc.","Trade licensing, regulation and IP"
Nebraska v. Parker,Land contracts and agreements
Negusie v. Mukasey,Government action in relation to immigration
Nelson v. Campbell,Beneficiaries’ rights to property in an estate
Nelson v. Colorado,Company financial flows
Nevada Comm_n on Ethics v. Carrigan,Government action in relation to immigration
Nevada Dept. of Human Resources v. Hibbs,Land contracts and agreements
Nevada v. Hicks,Constitutional actors and relationships
New Jersey v. Delaware,Government action in relation to immigration
New Prime Inc. v. Oliveira,Employment entitlements and disputes
"New Process Steel, L. P. v. NLRB","Trade licensing, regulation and IP"
"New York State Board of Elections, ET AL. v. Margarita Lopez Torres, ET AL.",Government action in relation to immigration
New York Times Co. v. Tasini,Employment entitlements and disputes
New York v. FERC,Jurisdictional divisions and actions
Nichols v. United States,Jurisdictional divisions and actions
Nielsen v. Preap,Government action in relation to immigration
Nijhawan v. Holder,Damage to persons through injury
Nixon v. Missouri Municipal League,Company financial flows
Nken v. Mukasey,Government action in relation to immigration
Norfolk Shipbuilding _ Drydock Corp. v. Garris,Damage to persons through injury
Norfolk Southern R. Co. v. Sorrell,Damage to persons through injury
Norfolk _ Western R. Co. v. Ayers,Damage to persons through injury
North Carolina State Bd. of Dental Examiners v. FTC,"Trade licensing, regulation and IP"
Northern Ins. Co. of N. Y. v. Chatham County,Constitutional actors and relationships
Northwest Austin Municipal Util. Dist. No. One v. Holder,Government action in relation to immigration
"Northwest, Inc. v. Ginsberg",Land contracts and agreements
Norton v. Southern Utah Wilderness Alliance,Land contracts and agreements
OBB Personenverkehr AG v. Sachs,Jurisdictional divisions and actions
Ocasio v. United States,Land contracts and agreements
"Octane Fitness, LLC v. Icon Health _ Fitness, Inc.","Trade licensing, regulation and IP"
Office of Independent Counsel v. Favish,Constitutional actors and relationships
Office of Sen. Mark Dayton v. Hanson,Constitutional actors and relationships
Ohio v. American Express Co.,"Trade licensing, regulation and IP"
Ohio v. Clark,Trial process for criminal matters
"Oil States Energy Services, LLC v. Greene_s Energy Group, LLC","Trade licensing, regulation and IP"
Olympic Airways v. Husain,Damage to persons through injury
"Omnicare, Inc. v. Laborers Dist. Council Constr. Industry Pension Fund",Damage to persons through injury
"Oneok, Inc. v. Learjet, Inc.",Constitutional actors and relationships
Ontario v. Quon,Government action in relation to immigration
Oregon v. Guzek,Trial process for criminal matters
Oregon v. Ice,Trial process for criminal matters
Orff v. United States,Land contracts and agreements
Ortiz v. Jordan,Damage to persons through injury
Osborn v. Haley,Constitutional actors and relationships
Overton v. Bazzetta,Beneficiaries’ rights to property in an estate
Owasso Independent School Dist. No. I-011 v. Falvo,Beneficiaries’ rights to property in an estate
Oxford Health Plans LLC v. Sutter,Land contracts and agreements
"PGA Tour, Inc. v. Martin",Land contracts and agreements
POM Wonderful LLC v. Coca-Cola Co.,Constitutional actors and relationships
PPL Corp. v. Commissioner,Company financial flows
"PPL Montana, LLC v. Montana",Land contracts and agreements
Pace v. DiGuglielmo,Constitutional actors and relationships
"Pacific Bell Telephone Co. v. linkLine Communications, Inc.","Trade licensing, regulation and IP"
"Pacific Operators Offshore, LLP v. Valladolid",Damage to persons through injury
"Pacificare Health Systems, Inc. v. Book",Land contracts and agreements
Packingham v. North Carolina,Government action in relation to immigration
Padilla v. Kentucky,Trial process for criminal matters
Palazzolo v. Rhode Island,Land contracts and agreements
Panetti v. Quarterman,Government action in relation to immigration
Parents Involved in Community Schools v. Seattle School District,Government action in relation to immigration
Paroline v. United States,Constitutional actors and relationships
Pasquantino v. United States,Constitutional actors and relationships
Patchak v. Zinke,Constitutional actors and relationships
Peake v. Sanders,Government action in relation to immigration
Pearson v. Callahan,Trial process for criminal matters
Pena-Rodriguez v. Colorado,Government action in relation to immigration
Pennsylvania State Police v. Suders,Employment entitlements and disputes
Penry v. Johnson,Trial process for criminal matters
Pepper v. United States,Government action in relation to immigration
Perdue v. Kenny A.,Damage to persons through injury
Perez v. Mortgage Bankers Assn.,Constitutional actors and relationships
Permanent Mission of India to United Nations v. City of New York,Land contracts and agreements
Perry v. Merit Systems Protection Bd.,Government action in relation to immigration
Perry v. New Hampshire,Trial process for criminal matters
"Petrella v. Metro-Goldwyn-Mayer, Inc.",Constitutional actors and relationships
Philip Morris USA Inc. v. Williams,Government action in relation to immigration
Philip Morris USA v. Williams,Trial process for criminal matters
Pierce County v. Guillen,Constitutional actors and relationships
Plains Commerce Bank v. Long Family Land _ Cattle Co.,Government action in relation to immigration
Pleasant Grove City v. Summum,Constitutional actors and relationships
Pliler v. Ford,Constitutional actors and relationships
"Pliva, Inc. v. Mensing",Constitutional actors and relationships
Plumhoff v. Rickard,Jurisdictional divisions and actions
"Polar Tankers, Inc. v. City of Valdez",Land contracts and agreements
Pollard v. E. I. duPont de Nemours _ Co.,Trial process for criminal matters
Postal Service v. Flamingo Industries (USA) Ltd.,Constitutional actors and relationships
Postal Service v. Gregory,Constitutional actors and relationships
Pottawattamie County v. McGhee,Damage to persons through injury
"Powerex Corp. v. Reliant Energy Services, Inc.",Government action in relation to immigration
Prado Navarette v. California,Trial process for criminal matters
Premo v. Moore,Government action in relation to immigration
Preston v. Ferrer,Company financial flows
Price v. Vincent,Damage to persons through injury
Puckett v. United States,Constitutional actors and relationships
Puerto Rico v. Franklin Cal. Tax-Free Trust,Government action in relation to immigration
Puerto Rico v. Sanchez Valle,Constitutional actors and relationships
"Quanta Computer, Inc. v. LG Electronics, Inc.","Trade licensing, regulation and IP"
"RJR Nabisco, Inc. v. European Community",Government action in relation to immigration
"RadLax Gateway Hotel, LLC v. Amalgamated Bank",Land contracts and agreements
"Ragsdale v. Wolverine World Wide, Inc.",Employment entitlements and disputes
Rancho Palos Verdes v. Abrams,Constitutional actors and relationships
Randall v. Sorrell,Company financial flows
"Ransom v. FIA Card Services, N. A.",Company financial flows
Rapanos v. United States,Jurisdictional divisions and actions
Rasul v. Bush,Jurisdictional divisions and actions
Ray Haluch Gravel Co. v. Central Pension Fund of Operating Engineers and Participating Employers,Land contracts and agreements
Raygor v. Regents of Univ. of Minn.,Constitutional actors and relationships
Raymond,Employment entitlements and disputes
Raytheon Co. v. Hernandez,Employment entitlements and disputes
"Reed Elsevier, Inc. v. Muchnick",Government action in relation to immigration
Reed v. Town of Gilbert,Constitutional actors and relationships
Regalado Cuellar v. United States,Company financial flows
Rehberg v. Paulk,Trial process for criminal matters
Reichle v. Howards,Jurisdictional divisions and actions
Renico v. Lett,Government action in relation to immigration
"Rent-A-Center, West, Inc. v. Jackson",Land contracts and agreements
Republic of Argentina v. NML Capital Ltd.,Land contracts and agreements
Republic of Austria v. Altmann,Constitutional actors and relationships
Republic of Iraq v. Beaty,Government action in relation to immigration
Republic of Philippines v. Pimentel,Government action in relation to immigration
Republican Party of Minn. v. White,Jurisdictional divisions and actions
Reynolds v. United States,Trial process for criminal matters
Rhines v. Weber,Constitutional actors and relationships
Ricci v. DeStefano,Government action in relation to immigration
Rice v. Collins,Damage to persons through injury
Richlin Security Service Co. v. Chertoff,Constitutional actors and relationships
"Riegel v. Medtronic, Inc.",Government action in relation to immigration
Riley v. California,Trial process for criminal matters
Riley v. Kennedy,Government action in relation to immigration
Ring v. Arizona,Trial process for criminal matters
Rita v. United States,Government action in relation to immigration
Robers v. United States,Land contracts and agreements
"Roberts v. Sea-Land Services, Inc.",Employment entitlements and disputes
Robertson v. United States ex rel. Watson,Government action in relation to immigration
Rockwell International Corp. v. United States,Constitutional actors and relationships
Rodriguez v. United States,Jurisdictional divisions and actions
Roell v. Withrow,Damage to persons through injury
Rogers v. Tennessee,Trial process for criminal matters
Rompilla v. Beard,Trial process for criminal matters
Roper v. Simmons,Trial process for criminal matters
Roper v. Weaver,Government action in relation to immigration
Rosales-Mireles v. United States,Damage to persons through injury
Rosemond v. United States,Trial process for criminal matters
Ross v. Blake,Government action in relation to immigration
Rothgery v. Gillespie County,Government action in relation to immigration
Rousey v. Jocaway,Company financial flows
Rowe v. New Hampshire Motor Transp. Assn.,Government action in relation to immigration
Rubin v. Islamic Republic of Iran,Land contracts and agreements
"Rumsfeld v. Forum for Academic and Institutional Rights, Inc.",Constitutional actors and relationships
Rumsfeld v. Padilla,Jurisdictional divisions and actions
"Rush Prudential HMO, Inc. v. Moran",Government action in relation to immigration
Ryan v. Valencia Gonzales,Damage to persons through injury
SAS Institute Inc. v. Matal,"Trade licensing, regulation and IP"
"SCA Hygiene Products Aktiebolag v. First Quality Baby Products, LLC","Trade licensing, regulation and IP"
SEC v. Edwards,Land contracts and agreements
SEC v. Zandford,Land contracts and agreements
Sabri v. United States,Constitutional actors and relationships
Sackett v. EPA,Government action in relation to immigration
Safeco Ins. Co. of America v. Burr,Government action in relation to immigration
Safford Unified School Dist. #1 v. Redding,Government action in relation to immigration
Salazar v. Buono,Constitutional actors and relationships
Salazar v. Ramah Navajo Chapter,Land contracts and agreements
Salinas v. Texas,Trial process for criminal matters
Salman v. United States,Government action in relation to immigration
Samantar v. Yousuf,Constitutional actors and relationships
Samson v. California,Jurisdictional divisions and actions
"Samsung Electronics Co., v. Apple Inc.",Government action in relation to immigration
"San Remo Hotel, L. P. v. City and County of San Francisco",Constitutional actors and relationships
Sanchez-Llamas v. Oregon,Government action in relation to immigration
Sandifer v. United States Steel Corp.,Employment entitlements and disputes
Sandoz Inc. v. Amgen Inc.,Government action in relation to immigration
Sattazahn v. Pennsylvania,Trial process for criminal matters
Saucier v. Katz,Trial process for criminal matters
Scarborough v. Principi,Constitutional actors and relationships
Schaffer v. Weast,Beneficiaries’ rights to property in an estate
"Scheidler v. National Organization for Women, Inc.",Trial process for criminal matters
Schindler Elevator Corp. v. United States ex rel. Kirk,Constitutional actors and relationships
Schriro v. Landrigan,Government action in relation to immigration
Schriro v. Summerlin,Trial process for criminal matters
Schuette v. BAMN,Government action in relation to immigration
Schwab v. Reilly,Beneficiaries’ rights to property in an estate
Schwarzenegger v. Plata,Constitutional actors and relationships
Scott v. Harris,Government action in relation to immigration
Sebelius v. Auburn Regional Medical Center,Constitutional actors and relationships
Sebelius v. Cloer,Constitutional actors and relationships
"Sebelius v. Hobby Lobby Stores, Inc.",Government action in relation to immigration
Sekhar v. United States,Land contracts and agreements
Seling v. Young,Constitutional actors and relationships
Sell v. United States,Damage to persons through injury
Semtek International Inc. v. Lockheed Martin Corp.,Constitutional actors and relationships
"Sereboff v. Mid Atlantic Medical Services, Inc.",Land contracts and agreements
Sessions v. Dimaya,Trial process for criminal matters
Setser v. United States,Constitutional actors and relationships
"Shady Grove Orthopedic Associates, P.A. v. Allstate Ins. Co.",Constitutional actors and relationships
Shafer v. South Carolina,Trial process for criminal matters
Shaw v. United States,Government action in relation to immigration
Shepard v. United States,Trial process for criminal matters
Sheriff v. Gillie,Government action in relation to immigration
Simmons v. Himmelreich,Government action in relation to immigration
Sinochem Int_l Co. v. Malaysia Int_l Shipping Corp.,Jurisdictional divisions and actions
Skilling v. United States,Constitutional actors and relationships
Skinner v. Switzer,Constitutional actors and relationships
Small v. United States,Constitutional actors and relationships
Smith v. Bayer Corp.,Government action in relation to immigration
Smith v. Cain,Trial process for criminal matters
Smith v. City of Jackson,Damage to persons through injury
Smith v. Massachusetts,Trial process for criminal matters
Smith v. Spisak,Government action in relation to immigration
Smith v. Texas,Government action in relation to immigration
Smith v. United States,Constitutional actors and relationships
Snyder v. Louisiana,Government action in relation to immigration
Snyder v. Phelps,Government action in relation to immigration
Sole v. Wyner,Government action in relation to immigration
Solid Waste Agency of No. Cook Cty. v. Army Corps of Engineers,Constitutional actors and relationships
Sorrell v. IMS Health Inc.,Government action in relation to immigration
Sossamon v. Texas,Constitutional actors and relationships
"South Dakota v. Wayfair, Inc.",Constitutional actors and relationships
Southern Union Co. v. United States,Trial process for criminal matters
"Spokeo, Inc. v. Robins",Damage to persons through injury
Sprietsma v. Mercury Marine,Constitutional actors and relationships
"Sprint Communications Co. v. APCC Services, Inc.",Government action in relation to immigration
"Sprint Communications, Inc. v. Jacobs",Constitutional actors and relationships
SprintUnited Management Co. v. Mendelsohn,Government action in relation to immigration
Standard Fire Ins. Co. v. Knowles,Constitutional actors and relationships
"Star Athletica, L.L.C. v. Varsity Brands, Inc.",Government action in relation to immigration
"State Farm Fire _ Casualty Co. v. United States, ex rel. Rigsby",Constitutional actors and relationships
State Farm Mut. Automobile Ins. Co. v. Campbell,Government action in relation to immigration
Staub v. Proctor Hospital,Employment entitlements and disputes
Stern v. Marshall,Government action in relation to immigration
Stogner v. California,Trial process for criminal matters
Stokeling v. United States,Government action in relation to immigration
Stolt-Nielsen S.A. v. AnimalFeeds Int’l. Corp.,Land contracts and agreements
"Stoneridge Investment Partners, LLC v. Scientific-Atlanta, Inc., ET AL",Damage to persons through injury
"Stop the Beach Renourishment, Inc. v. Florida Dept. of Environmental Protection",Land contracts and agreements
Sturgeon v. Frost,Constitutional actors and relationships
Sullivan v. Florida,Damage to persons through injury
Summers v. Earth Island Institute,Government action in relation to immigration
"Supap Kirtsaeng v. John Wiley _ Sons, Inc.",Government action in relation to immigration
Sveen v. Melin,Land contracts and agreements
Sykes v. United States,Government action in relation to immigration
"Syngenta Crop Protection, Inc. v. Henson",Constitutional actors and relationships
"T-Mobile South, LLC v. City of Roswell",Jurisdictional divisions and actions
TC Heartland LLC v. Kraft Foods Group Brands LLC,Government action in relation to immigration
TRW Inc. v. Andrews,Damage to persons through injury
"Tahoe-Sierra Pres. Council, Inc. v. Tahoe Reg. Planning Agency",Land contracts and agreements
"Taniguchi v. Kan Pacific Saipan, Ltd.",Jurisdictional divisions and actions
Tapia v. United States,Government action in relation to immigration
Taylor v. Sturgell,Government action in relation to immigration
Taylor v. United States,Jurisdictional divisions and actions
"Tellabs, Inc. v. Makor Issues _ Rights, Ltd.",Government action in relation to immigration
Tenet v. Doe,Land contracts and agreements
Tennard v. Dretke,Trial process for criminal matters
Tennessee Secondary School Athletic Assn. v. Brentwood Academy,Government action in relation to immigration
Tennessee Student Assistance Corporation v. Hood,Jurisdictional divisions and actions
Tennessee v. Lane,Constitutional actors and relationships
"Teva Pharmaceuticals USA, Inc. v. Sandoz, Inc.","Trade licensing, regulation and IP"
Texaco Inc. v. Dagher,"Trade licensing, regulation and IP"
"Texas Dept. of Housing and Community Affairs v. Inclusive Communities Project, Inc.",Damage to persons through injury
Texas v. Cobb,Trial process for criminal matters
Texas v. New Mexico,Constitutional actors and relationships
The Boeing Co. v. United States,Company financial flows
"Thompson v. North American Stainless, LP",Employment entitlements and disputes
Thompson v. Western States Medical Center,Constitutional actors and relationships
Thornton v. United States,Trial process for criminal matters
Tibble v. Edison Int_l,Government action in relation to immigration
Till v. SCS Credit Corp.,Land contracts and agreements
Timothy Mark Cameron Abbott v. Jacquelyn Vaye Abbott,Beneficiaries’ rights to property in an estate
Tolentino v. New York,Government action in relation to immigration
Torres v. Lynch,Constitutional actors and relationships
Tory v. Cochran,Government action in relation to immigration
"Town of Chester v. Laroe Estates, Inc.",Government action in relation to immigration
Town of Greece v. Galloway,Constitutional actors and relationships
"Toyota Motor Mfg., Ky., Inc. v. Williams",Employment entitlements and disputes
"TrafFix Devices, Inc. v. Marketing Displays, Inc","Trade licensing, regulation and IP"
Travelers Casualty _ Surety Co. of America v. Pacific Gas _ Elec. Co.,Government action in relation to immigration
Travelers Indemnity Co. v. Bailey,Government action in relation to immigration
Trevino v. Thaler,Damage to persons through injury
"Trinity Lutheran Church of Columbia, Inc. v. Comer",Government action in relation to immigration
Tuan Anh v. INS,Beneficiaries’ rights to property in an estate
Turner v. Rogers,Government action in relation to immigration
Turner v. United States,Trial process for criminal matters
Tyler v. Cain,Damage to persons through injury
"Tyson Foods, Inc. v. Bouaphakeo",Trial process for criminal matters
"U. S. Bank Nat. Assn. v. Village at Lakeridge, LLC",Government action in relation to immigration
"US Airways, Inc. v. Barnett",Damage to persons through injury
"US Airways, Inc. v. McCutchen",Land contracts and agreements
Union Pacific R. Co. v. Locomotive Engineers and Trainmen Gen. Comm. of Adjustment,"Trade licensing, regulation and IP"
Unite Here Local 355 v. Mulhall,Employment entitlements and disputes
"United Dominion Industries, Inc. v. United States",Damage to persons through injury
"United Haulers Assn., Inc. v. Oneida-Herkimer Solid Waste Management Authority",Government action in relation to immigration
United States v. Alvarez,Constitutional actors and relationships
"United States v. American Library Assn., Inc.",Constitutional actors and relationships
United States v. Apel,Constitutional actors and relationships
United States v. Arvizu,Damage to persons through injury
United States v. Atlantic Research Corp.,Government action in relation to immigration
United States v. Banks,Damage to persons through injury
United States v. Bean,Government action in relation to immigration
United States v. Booker,Trial process for criminal matters
United States v. Bormes,Constitutional actors and relationships
United States v. Bryant,Government action in relation to immigration
United States v. Castleman,Damage to persons through injury
United States v. Clarke,Jurisdictional divisions and actions
United States v. Cleveland Indians Baseball Co.,Employment entitlements and disputes
United States v. Clintwood Elkhorn Mining Co.,Constitutional actors and relationships
United States v. Cotton,Trial process for criminal matters
United States v. Craft,Land contracts and agreements
United States v. Davila,Damage to persons through injury
United States v. Denedo,Government action in relation to immigration
United States v. Dominguez Benitez,Land contracts and agreements
United States v. Drayton,Jurisdictional divisions and actions
United States v. Efrain Santos and Benedicto Diaz,Company financial flows
United States v. Eurodif S.A.,Land contracts and agreements
"United States v. Fior D_Italia, Inc.",Employment entitlements and disputes
United States v. Flores-Montano.,Damage to persons through injury
United States v. Galletti,Constitutional actors and relationships
United States v. Georgia,Constitutional actors and relationships
United States v. Gonzaga Rodriquez,Government action in relation to immigration
United States v. Gonzalez-Lopez,Damage to persons through injury
"United States v. Graydon Earl Comstock, Jr.",Constitutional actors and relationships
United States v. Grubbs,Jurisdictional divisions and actions
United States v. Hatter,Constitutional actors and relationships
United States v. Hayes,Government action in relation to immigration
"United States v. Home Concrete _ Supply, LLC",Constitutional actors and relationships
United States v. Jicarilla Apache Nation,Beneficiaries’ rights to property in an estate
United States v. Jimenez Recio,Constitutional actors and relationships
United States v. Jones,Trial process for criminal matters
United States v. June,Constitutional actors and relationships
United States v. Kebodeaux,Constitutional actors and relationships
United States v. Knights,Jurisdictional divisions and actions
United States v. Kwai Fun Wong,Constitutional actors and relationships
United States v. Lara,Constitutional actors and relationships
United States v. Marcus,Government action in relation to immigration
United States v. Mead Corp.,"Trade licensing, regulation and IP"
United States v. Microsoft Corp.,Constitutional actors and relationships
United States v. Navajo Nation,Land contracts and agreements
United States v. O_Brien,Constitutional actors and relationships
United States v. Oakland Cannabis Buyers_ Cooperative,Trial process for criminal matters
United States v. Olson,Constitutional actors and relationships
United States v. Patane,Trial process for criminal matters
"United States v. Quality Stores, Inc.",Company financial flows
United States v. Resendiz-Ponce,Trial process for criminal matters
United States v. Ressam,Government action in relation to immigration
United States v. Ruiz,Damage to persons through injury
United States v. Sanchez-Gomez,Trial process for criminal matters
United States v. Stevens,Government action in relation to immigration
United States v. Stitt,Government action in relation to immigration
United States v. Texas,Government action in relation to immigration
United States v. Tinklenberg,Damage to persons through injury
United States v. Tohono O_odham Nation,Constitutional actors and relationships
"United States v. United Foods, Inc.",Constitutional actors and relationships
United States v. Vonn,Damage to persons through injury
United States v. White Mountain Apache Tribe,Beneficiaries’ rights to property in an estate
United States v. Williams,Government action in relation to immigration
United States v. Windsor,Constitutional actors and relationships
United States v. Woods,Constitutional actors and relationships
United States v. Wurie,Trial process for criminal matters
"United States, Ex Rel. Eisenstein v. City of New York",Constitutional actors and relationships
United States. v. Navajo Nation,Land contracts and agreements
"United Student Aid Funds, Inc. v. Espinosa",Jurisdictional divisions and actions
"Unitherm Food Systems, Inc. v. Swift-Eckrich, Inc.",Damage to persons through injury
"Universal Health Services, Inc. v. United States",Constitutional actors and relationships
University of Tex. Southwestern Medical Center v. Nassar,Land contracts and agreements
Upper Skagit Tribe v. Lundgren,Land contracts and agreements
Utah v. Strieff,Jurisdictional divisions and actions
Uttecht v. Brown,Government action in relation to immigration
Vaden v. Discover Bank,Constitutional actors and relationships
Van Orden v. Perry,Constitutional actors and relationships
Van de Kamp v. Goldstein,Government action in relation to immigration
Vance v. Ball State Univ.,Employment entitlements and disputes
Vartelas v. Holder,Government action in relation to immigration
Vasquez v. United States,Trial process for criminal matters
Veneman v. Livestock Marketing Assn.,Constitutional actors and relationships
Verizon Comm. Inc. v. Law Offices of Curtis V. Trinko LLP,Government action in relation to immigration
"Verizon Communications, Inc. v. FCC",Constitutional actors and relationships
Verizon Md. Inc. v. Public Serv. Comm_n of Md.,Constitutional actors and relationships
Vermont v. Brillon,Government action in relation to immigration
Virginia Office for Protection and Advocacy v. Stewart,Constitutional actors and relationships
Virginia v. Black,Constitutional actors and relationships
Virginia v. Hicks,Constitutional actors and relationships
Virginia v. Maryland,Employment entitlements and disputes
Virginia v. Moore,Government action in relation to immigration
Voisine v. United States,Government action in relation to immigration
"Volvo Trucks North America, Inc. v. Reeder-Simco GMC, Inc.","Trade licensing, regulation and IP"
"Wachovia Bank, N.A. v. Schmidt",Company financial flows
Waddington v. Sarausad,Trial process for criminal matters
Wagnon v. Prairie Band Potawatomi Nation,Land contracts and agreements
"Wal-Mart Stores, Inc. v. Dukes",Government action in relation to immigration
Walden v. Fiore,Jurisdictional divisions and actions
Walker v. Martin,Constitutional actors and relationships
"Walker v. Texas Div., Sons of Confederate Veterans, Inc.",Constitutional actors and relationships
Wall v. Kholi,Government action in relation to immigration
Wallace v. Kato,Trial process for criminal matters
Warger v. Shauers,Trial process for criminal matters
Warner-Lambert Co. v. Kent,Government action in relation to immigration
Washington Legal Foundation v. Legal Foundation of Wash.,Company financial flows
Washington State Dept. of Social and Health Servs. v. Guardianship Estate of Keffeler,Beneficiaries’ rights to property in an estate
Washington State Grange v. Washington State Republican Party,Government action in relation to immigration
Washington v. Recuenco,Trial process for criminal matters
Watchtower Bible _ Tract Soc. of N. Y. v. Village of Stratton,Constitutional actors and relationships
"Water Splash, Inc. v. Menon",Government action in relation to immigration
Watson v. Phillip Morris Co.,Constitutional actors and relationships
"Watters v. Wachovia Bank, N. A.",Constitutional actors and relationships
Weaver v. Massachusetts,Government action in relation to immigration
Welch v. United States,Government action in relation to immigration
Wellness Int_l Network Ltd. v. Sharif,Beneficiaries’ rights to property in an estate
WesternGeco LLC v. ION Geophysical Corp.,"Trade licensing, regulation and IP"
Weyerhaeuser Co. v. Ross-Simmons Hardwood Lumber Co.,Government action in relation to immigration
Weyerhaeuser Co. v. United States Fish and Wildlife Serv.,Government action in relation to immigration
Weyhrauch v. United States,Constitutional actors and relationships
"Wharf (Holdings) Ltd. v. United Int_l Holdings, Inc.",Land contracts and agreements
White v. Woodall,Trial process for criminal matters
Whitfield v. United States,Trial process for criminal matters
Whitman v. Department of Transportation,Constitutional actors and relationships
Whorton v. Bockting,Government action in relation to immigration
Wiggins v. Smith,Damage to persons through injury
Wilkie v. Robbins,Constitutional actors and relationships
Wilkinson v. Austin,Damage to persons through injury
Wilkinson v. Dotson,Jurisdictional divisions and actions
Will v. Hallock,Constitutional actors and relationships
Williams v. Pennsylvania,Beneficiaries’ rights to property in an estate
Williams-Yulee v. Florida Bar,Company financial flows
"Williamson v. Mazda Motor of America, Inc.",Constitutional actors and relationships
Wilson v. Sellers,Constitutional actors and relationships
Winkelman v. Parma City School Distr.,Beneficiaries’ rights to property in an estate
"Winter v. Natural Resources Defense Council, Inc.",Government action in relation to immigration
Wisconsin Central Ltd. v. United States,Company financial flows
Wisconsin Dept. of Health and Family Servs. v. Blumer,Company financial flows
"Wisconsin Right to Life, Inc. v. Federal Election Comm_n",Constitutional actors and relationships
Wittman v. Personhuballah,Government action in relation to immigration
Wood v. Allen,Government action in relation to immigration
Woodford v. Ngo,Constitutional actors and relationships
Wyeth v. Levine,Government action in relation to immigration
Yarborough v. Alvarado,Damage to persons through injury
Yates v. United States,Jurisdictional divisions and actions
Yeager v. United States,Trial process for criminal matters
"Yellow Transp. Inc. v. Michigan, et al",Land contracts and agreements
"Young v. United Parcel Service, Inc.",Employment entitlements and disputes
Young v. United States,Constitutional actors and relationships
Ysursa v. Pocatello Ed. Assn.,Constitutional actors and relationships
Zadvydas v. Underdown,Constitutional actors and relationships
Zedner v. United States,Damage to persons through injury
Zelman v. Simmons-Harris,Company financial flows
Ziglar v. Abbasi,Government action in relation to immigration
Zivotofsky v. Kerry,Constitutional actors and relationships
Zubik v. Burwell,Constitutional actors and relationships
Zuni Public School Dist. v. Department of Education,Government action in relation to immigration
"eBay Inc. v. MercExchange, L.L.C.","Trade licensing, regulation and IP"
Abbott v. Perez,Other
"Alabama Dept. of Revenue v. CSX Transp., Inc..pdf(1).txt",Other
"Alabama Dept. of Revenue v. CSX Transp., Inc.",Other
Alabama Legislative Black Caucus v. Alabama,Other
Alaska v. United States,Other
"American Broadcasting Co. v. Aereo, Inc.",Other
"American Trucking Assns., Inc. v. Browner",Other
Anza v. Ideal Steel Supply Corp.,Other
Arlington Central School Dist. Bd. of Ed. v. Murphy,Other
Ayotte v. Planned Parenthood of Northern New Eng.,Other
Bates v. Dow Agrosciences LLC,Other
Beard v. Banks,Other
Becker v. Montgomery,Other
Bell v. Thompson,Other
Benisek v. Lamone,Other
"Browner v. American Trucking Assns., Inc.",Other
"Buckhannon Board _ Care Home, Inc. v. West Virginia Dept. of Health and Human Resources",Other
Bullard v. Blue Hills Bank,Other
Bush v. Gore,Other
Campbell-Ewald Co. v. Gomez,Other
"China Agritech, Inc. v. Resh",Other
Clark v. Rameker,Other
Clingman v. Beaver,Other
Credit Suisse Securities (USA) LLC v. Simmonds,Other
CTS Corp. v. Waldburger,Other
Cuyahoga Falls v. Buckeye Community Hope Foundation,Other
Day v. McDonough,Other
Department of Transportation v. Public Citizen,Other
Dillon v. United States,Other
Engine Mfrs. Assn. v. South Coast Air Quality Management Dist.,Other
"EPA v. EME Homer City Generation, L.P.",Other
"FCC v. Fox Television Stations, Inc.",Other
Fisher v. University of Tex. at Austin,Other
Fisher v. University of Texas at Austin,Other
Florida v. Georgia,Other
Gelboim v. Bank of America Corp.,Other
Georgia v. Ashcroft,Other
Gill v. Whitford,Other
Glossip v. Gross,Other
Gonzales v. Carhart,Other
Good News Club v. Milford Central School,Other
Granholm v. Heald,Other
Gratz v. Bollinger,Other
Grutter v. Bollinger,Other
Hall v. Hall,Other
Hamer v. Neighborhood Housing Serv. of Chicago,Other
Hill v. McDonough,Other
Hollingsworth v. Perry,Other
Holt v. Hobbs,Other
Howes v. Fields,Other
Hunt v. Cromartie,Other
Husted v. A. Philip Randolph Institute,Other
"IBP, Inc. v. Alvarez",Other
"Janus Capital Group, Inc. v. First Derivative Traders",Other
"Jesinoski v. Countrywide Home Loans, Inc.",Other
Johnson v. California,Other
Kontrick v. Ryan,Other
Kowalski v. Tesmer,Other
League of United Latin American Citizens v. Perry,Other
Locke v. Davey,Other
"Los Angeles County Flood Control Dist. v. Natural Resources Council, Inc.",Other
Maples v. Thomas,Other
Maracich v. Spears,Other
"Masterpiece Cakeshop, Ltd. v. Colorado Civil Rights Comm_n",Other
Mayle v. Felix,Other
McCullen v. Coakley,Other
Minnesota Voters Alliance v. Mansky,Other
"National Cable _ Telecommunications Assn., Inc. v. Gulf Power Co.",Other
New Hampshire v. Maine,Other
"Nike, Inc. v. Kasky",Other
Obergefell v. Hodges,Other
Perry v. Perez,Other
Peugh v. United States,Other
Pharmaceutical Research and Mfrs. of America v. Concannon,Other
Porter v. Nussle,Other
S. D. Warren Co. v. Maine Bd. of Environmental Protection,Other
Schwarzenegger v. Entertainment Merchants Assn.,Other
Shapiro v. McManus,Other
Shaw v. Murphy,Other
Shelby County v. Holder,Other
Smith v. Doe,Other
South Carolina v. North Carolina,Other
South Fla. Water Management Dist. v. Miccosukee Tribe,Other
Spector v. Norwegian Cruise Line Ltd.,Other
Stewart v. Dutra Constr. Co.,Other
Susan B. Anthony List v. Driehaus,Other
Swierkiewicz v. Sorema N. A.,Other
"Talk America, Inc. v. Michigan Bell Telephone Co.",Other
Tarrant Regional Water Dist. v. Herrmann,Other
Thomas v. Chicago Park Dist.,Other
Tibbals v. Carter,Other
Trump v. Hawaii,Other
Utah v. Evans,Other
Utility Air Regulatory Group v. EPA,Other
Vieth v. Jubelirer,Other
Washington v. United States,Other
Whole Woman_s Health v. Hellerstedt,Other
Williams v. Illinois,Other
Wood v. Milyard,Other
Wood v. Moss,Other
Woodford v. Garceau,Other
Zivotofsky v. Clinton,Other
